<StandardBusinessDocument xmlns:xsi="http://www.w3.org/2001/XMLSchema-instance"
                          xsi:schemaLocation="http://www.unece.org/cefact/namespaces/StandardBusinessDocumentHeader ../ehmiSbdhStandardBusinessDocumentHeader.xsd"
                          xmlns="http://www.unece.org/cefact/namespaces/StandardBusinessDocumentHeader"
                          xmlns:ns6="http://www.ean-ucc.org/schemas/1.3/eanucc"
                          xmlns:bc="http://peppol.eu/xsd/ticc/envelope/1.0"
                          xmlns:sbdh="http://www.unece.org/cefact/namespaces/StandardBusinessDocumentHeader"
                          xmlns:ns2="http://docs.oasis-open.org/ebxml-bp/ebbp-signals-2.0"
                          xmlns:ns4="http://www.w3.org/2000/09/xmldsig#" xmlns:ns3="http://www.w3.org/1999/xlink">
    <StandardBusinessDocumentHeader>
        <HeaderVersion>1.0</HeaderVersion>
        <Sender>
            <Identifier Authority="iso6523-actorid-upis">0088:5790000121526</Identifier>
        </Sender>
        <Receiver>
            <Identifier Authority="iso6523-actorid-upis">0088:5790000201389</Identifier>
        </Receiver>
        <DocumentIdentification>
            <Standard>homecareobservation-message</Standard>
            <TypeVersion>1.1</TypeVersion>
            <InstanceIdentifier>9a6ff822-08de-5a6f-9670-9fa4b9d2f0dc</InstanceIdentifier>
            <Type>Bundle</Type>
            <MultipleType>false</MultipleType>
            <CreationDateAndTime>2025-04-01T16:19:00+01:00</CreationDateAndTime>
        </DocumentIdentification>
        <BusinessScope>
            <!-- eDelivery scope -->
            <Scope>
                <Type>DOCUMENTID</Type>
                <InstanceIdentifier>urn:dk:medcom:prod:messaging:fhir:structuredefinition:medcom-homecareobservation-message#urn:dk:medcom:fhir:medcom-homecareobservation-message:1.1</InstanceIdentifier>
                <Identifier>dk-medcom-messaging</Identifier>
            </Scope>
            <Scope>
                <Type>PROCESSID</Type>
                <InstanceIdentifier>sdn-emergence</InstanceIdentifier>
                <Identifier>dk-medcom-messaging</Identifier>
            </Scope>
            <!-- MedCom messaging scope -->
            <Scope>
                <Type>PATIENTID</Type>
                <InstanceIdentifier>2509479989</InstanceIdentifier>
                <Identifier>dk-medcom-messaging</Identifier>
            </Scope>
            <Scope>
                <Type>SENDERID</Type>
                <InstanceIdentifier>1144561000016002</InstanceIdentifier>
                <Identifier>dk-medcom-messaging</Identifier>
            </Scope>
            <Scope>
                <Type>RECEIVERID</Type>
                <InstanceIdentifier>52581000016005</InstanceIdentifier>
                <Identifier>dk-medcom-messaging</Identifier>
            </Scope>
            <Scope>
                <Type>MESSAGEIDENTIFIER</Type>
                <InstanceIdentifier>8dbf63f4-b784-4d40-8802-c1bdb1ecfa63</InstanceIdentifier>
                <Identifier>dk-medcom-messaging</Identifier>
            </Scope>
            <Scope>
                <Type>MESSAGEENVELOPEIDENTIFIER</Type>
                <InstanceIdentifier>add5e7e2-0c0f-4a4a-bfff-f6f984fa7e3c</InstanceIdentifier>
                <Identifier>dk-medcom-messaging</Identifier>
            </Scope>            
            <Scope>
                <Type>StatisticalInformation</Type>
                <InstanceIdentifier>MCM:homecareobservation-message</InstanceIdentifier>
                <Identifier>dk-medcom-messaging</Identifier>
            </Scope>
            <!-- MedCom messaging - Acknowledgment scope -->
            <Scope>
                <Type>EHMI-ReceiptAcknowledgement</Type>
                <InstanceIdentifier>Request</InstanceIdentifier>
                <Identifier>dk-medcom-messaging</Identifier>
                <CorrelationInformation>
                    <RequestingDocumentCreationDateTime>${requestingDocumentCreationDateTime}</RequestingDocumentCreationDateTime>
                    <RequestingDocumentInstanceIdentifier>${requestingDocumentInstanceIdentifier}</RequestingDocumentInstanceIdentifier>
                    <ExpectedResponseDateTime>${expectedResponseDateTime}</ExpectedResponseDateTime>
                </CorrelationInformation>
                <BusinessService>
                    <BusinessServiceName>EHMI-ReceiptAcknowledgement-Request</BusinessServiceName>
                    <ServiceTransaction TypeOfServiceTransaction="RequestingServiceTransaction" IsNonRepudiationRequired="false" IsAuthenticationRequired="false" IsNonRepudiationOfReceiptRequired="false" IsIntelligibleCheckRequired="false"
                                        IsApplicationErrorResponseRequested="false" TimeToAcknowledgeReceipt="600000" TimeToAcknowledgeAcceptance="0" TimeToPerform="0" Recurrence="0"/>
                </BusinessService>
            </Scope>
        </BusinessScope>
    </StandardBusinessDocumentHeader>
    <BinaryContent mimeType="application/fhir+xml" encoding="ISO-8859-1">SXJyZWxldmFudCBmb3IgdGhpcyB0ZXN0</BinaryContent>
</StandardBusinessDocument>